Workbook

Sheet 📋 Matches
A1: Round | B1: Match | C1: 🏠 | D1: Home Team | E1: Score Home | F1: Score Away | G1: 🚩 | H1: Away Team | I1: Status
A2: R1 | B2: Mexico vs South Africa | C2: 🏠 | D2: Mexico | E2: 2 | F2: 0 | G2: 🚩 | H2: South Africa | I2: ✅ Done
A3: R1 | B3: South Korea vs Czechia | C3: 🏠 | D3: South Korea | E3: 2 | F3: 1 | G3: 🚩 | H3: Czechia | I3: ✅ Done
A4: R1 | B4: Canada vs Bosnia and Herzeg | C4: 🏠 | D4: Canada | E4: 1 | F4: 1 | G4: 🚩 | H4: Bosnia and Herzeg | I4: ✅ Done
A5: R1 | B5: United States vs Paraguay | C5: 🏠 | D5: United States | E5: 4 | F5: 1 | G5: 🚩 | H5: Paraguay | I5: ✅ Done
A6: R1 | B6: Qatar vs Switzerland | C6: 🏠 | D6: Qatar | G6: 🚩 | H6: Switzerland | I6: ⏳ Pending
A7: R1 | B7: Brazil vs Morocco | C7: 🏠 | D7: Brazil | G7: 🚩 | H7: Morocco | I7: ⏳ Pending
A8: R1 | B8: Haiti vs Scotland | C8: 🏠 | D8: Haiti | G8: 🚩 | H8: Scotland | I8: ⏳ Pending
A9: R1 | B9: Australia vs Türkiye | C9: 🏠 | D9: Australia | G9: 🚩 | H9: Türkiye | I9: ⏳ Pending
A10: R1 | B10: Germany vs Curacao | C10: 🏠 | D10: Germany | G10: 🚩 | H10: Curacao | I10: ⏳ Pending
A11: R1 | B11: Netherlands vs Japan | C11: 🏠 | D11: Netherlands | G11: 🚩 | H11: Japan | I11: ⏳ Pending
A12: R1 | B12: Ivory Coast vs Ecuador | C12: 🏠 | D12: Ivory Coast | G12: 🚩 | H12: Ecuador | I12: ⏳ Pending
A13: R1 | B13: Sweden vs Tunisia | C13: 🏠 | D13: Sweden | G13: 🚩 | H13: Tunisia | I13: ⏳ Pending
A14: R1 | B14: Spain vs Cape Verde | C14: 🏠 | D14: Spain | G14: 🚩 | H14: Cape Verde | I14: ⏳ Pending
A15: R1 | B15: Belgium vs Egypt | C15: 🏠 | D15: Belgium | G15: 🚩 | H15: Egypt | I15: ⏳ Pending
A16: R1 | B16: Saudi Arabia vs Uruguay | C16: 🏠 | D16: Saudi Arabia | G16: 🚩 | H16: Uruguay | I16: ⏳ Pending
A17: R1 | B17: Iran vs New Zealand | C17: 🏠 | D17: Iran | G17: 🚩 | H17: New Zealand | I17: ⏳ Pending
... A73: R3 | B73: Jordan vs. Argentina | C73: 🏠 | D73: Jordan | G73: 🚩 | H73: Argentina | I73: ⏳ Pending

Sheet 📊 Predictions
A1: Round | B1: Participant | C1: Match | D1: Pred Home | E1: Pred Away | F1: Score Home | G1: Score Away | H1: 🏆 Win (48pts) | I1: 🎯 Home Goals(15) | J1: 🎯 Away Goals(15) | K1: ↔ Diff (12pts) | L1: Total Points
A2: R1 | B2: Duaij Alsaleh | C2: Mexico vs South Africa | D2: 3 | E2: 1 | F2: ='📋 Matches'!E2 -> 2 | G2: ='📋 Matches'!F2 -> 0 | H2: =IF(AND(ISNUMBER(F2),ISNUMBER(G2)),IF(SIGN(D2-E2)=SIGN(F2-G2),48,0),"") -> 48 | I2: =IF(AND(ISNUMBER(F2),ISNUMBER(G2)),IF(D2=F2,15,0),"") -> 0 | J2: =IF(AND(ISNUMBER(F2),ISNUMBER(G2)),IF(E2=G2,15,0),"") -> 0 | K2: =IF(AND(ISNUMBER(F2),ISNUMBER(G2)),IF(ABS(D2-E2)=ABS(F2-G2),12,0),"") -> 12 | L2: =IF(ISNUMBER(H2),H2+I2+J2+K2,"") -> 60
A3: R1 | B3: Duaij Alsaleh | C3: South Korea vs Czechia | D3: 1 | E3: 2 | F3: ='📋 Matches'!E3 -> 2 | G3: ='📋 Matches'!F3 -> 1 | H3: =IF(AND(ISNUMBER(F3),ISNUMBER(G3)),IF(SIGN(D3-E3)=SIGN(F3-G3),48,0),"") -> 0 | I3: =IF(AND(ISNUMBER(F3),ISNUMBER(G3)),IF(D3=F3,15,0),"") -> 0 | J3: =IF(AND(ISNUMBER(F3),ISNUMBER(G3)),IF(E3=G3,15,0),"") -> 0 | K3: =IF(AND(ISNUMBER(F3),ISNUMBER(G3)),IF(ABS(D3-E3)=ABS(F3-G3),12,0),"") -> 12 | L3: =IF(ISNUMBER(H3),H3+I3+J3+K3,"") -> 12
A4: R1 | B4: Duaij Alsaleh | C4: Canada vs Bosnia and Herzeg | D4: 0 | E4: 2 | F4: ='📋 Matches'!E4 -> 1 | G4: ='📋 Matches'!F4 -> 1 | H4: =IF(AND(ISNUMBER(F4),ISNUMBER(G4)),IF(SIGN(D4-E4)=SIGN(F4-G4),48,0),"") -> 0 | I4: =IF(AND(ISNUMBER(F4),ISNUMBER(G4)),IF(D4=F4,15,0),"") -> 0 | J4: =IF(AND(ISNUMBER(F4),ISNUMBER(G4)),IF(E4=G4,15,0),"") -> 0 | K4: =IF(AND(ISNUMBER(F4),ISNUMBER(G4)),IF(ABS(D4-E4)=ABS(F4-G4),12,0),"") -> 0 | L4: =IF(ISNUMBER(H4),H4+I4+J4+K4,"") -> 0
A5: R1 | B5: Duaij Alsaleh | C5: United States vs Paraguay | D5: 1 | E5: 1 | F5: ='📋 Matches'!E5 -> 4 | G5: ='📋 Matches'!F5 -> 1 | H5: =IF(AND(ISNUMBER(F5),ISNUMBER(G5)),IF(SIGN(D5-E5)=SIGN(F5-G5),48,0),"") -> 0 | I5: =IF(AND(ISNUMBER(F5),ISNUMBER(G5)),IF(D5=F5,15,0),"") -> 0 | J5: =IF(AND(ISNUMBER(F5),ISNUMBER(G5)),IF(E5=G5,15,0),"") -> 15 | K5: =IF(AND(ISNUMBER(F5),ISNUMBER(G5)),IF(ABS(D5-E5)=ABS(F5-G5),12,0),"") -> 0 | L5: =IF(ISNUMBER(H5),H5+I5+J5+K5,"") -> 15
A6: R1 | B6: Duaij Alsaleh | C6: Qatar vs Switzerland | D6: 0 | E6: 4 | F6: ='📋 Matches'!E6 -> 0 | G6: ='📋 Matches'!F6 -> 0 | H6: =IF(AND(ISNUMBER(F6),ISNUMBER(G6)),IF(SIGN(D6-E6)=SIGN(F6-G6),48,0),"") | I6: =IF(AND(ISNUMBER(F6),ISNUMBER(G6)),IF(D6=F6,15,0),"") | J6: =IF(AND(ISNUMBER(F6),ISNUMBER(G6)),IF(E6=G6,15,0),"") | K6: =IF(AND(ISNUMBER(F6),ISNUMBER(G6)),IF(ABS(D6-E6)=ABS(F6-G6),12,0),"") | L6: =IF(ISNUMBER(H6),H6+I6+J6+K6,"")
A7: R1 | B7: Duaij Alsaleh | C7: Brazil vs Morocco | D7: 2 | E7: 1 | F7: ='📋 Matches'!E7 -> 0 | G7: ='📋 Matches'!F7 -> 0 | H7: =IF(AND(ISNUMBER(F7),ISNUMBER(G7)),IF(SIGN(D7-E7)=SIGN(F7-G7),48,0),"") | I7: =IF(AND(ISNUMBER(F7),ISNUMBER(G7)),IF(D7=F7,15,0),"") | J7: =IF(AND(ISNUMBER(F7),ISNUMBER(G7)),IF(E7=G7,15,0),"") | K7: =IF(AND(ISNUMBER(F7),ISNUMBER(G7)),IF(ABS(D7-E7)=ABS(F7-G7),12,0),"") | L7: =IF(ISNUMBER(H7),H7+I7+J7+K7,"")
A8: R1 | B8: Duaij Alsaleh | C8: Haiti vs Scotland | D8: 0 | E8: 6 | F8: ='📋 Matches'!E8 -> 0 | G8: ='📋 Matches'!F8 -> 0 | H8: =IF(AND(ISNUMBER(F8),ISNUMBER(G8)),IF(SIGN(D8-E8)=SIGN(F8-G8),48,0),"") | I8: =IF(AND(ISNUMBER(F8),ISNUMBER(G8)),IF(D8=F8,15,0),"") | J8: =IF(AND(ISNUMBER(F8),ISNUMBER(G8)),IF(E8=G8,15,0),"") | K8: =IF(AND(ISNUMBER(F8),ISNUMBER(G8)),IF(ABS(D8-E8)=ABS(F8-G8),12,0),"") | L8: =IF(ISNUMBER(H8),H8+I8+J8+K8,"")
A9: R1 | B9: Duaij Alsaleh | C9: Australia vs Türkiye | D9: 1 | E9: 3 | F9: ='📋 Matches'!E9 -> 0 | G9: ='📋 Matches'!F9 -> 0 | H9: =IF(AND(ISNUMBER(F9),ISNUMBER(G9)),IF(SIGN(D9-E9)=SIGN(F9-G9),48,0),"") | I9: =IF(AND(ISNUMBER(F9),ISNUMBER(G9)),IF(D9=F9,15,0),"") | J9: =IF(AND(ISNUMBER(F9),ISNUMBER(G9)),IF(E9=G9,15,0),"") | K9: =IF(AND(ISNUMBER(F9),ISNUMBER(G9)),IF(ABS(D9-E9)=ABS(F9-G9),12,0),"") | L9: =IF(ISNUMBER(H9),H9+I9+J9+K9,"")
A10: R1 | B10: Duaij Alsaleh | C10: Germany vs Curacao | D10: 5 | E10: 0 | F10: ='📋 Matches'!E10 -> 0 | G10: ='📋 Matches'!F10 -> 0 | H10: =IF(AND(ISNUMBER(F10),ISNUMBER(G10)),IF(SIGN(D10-E10)=SIGN(F10-G10),48,0),"") | I10: =IF(AND(ISNUMBER(F10),ISNUMBER(G10)),IF(D10=F10,15,0),"") | J10: =IF(AND(ISNUMBER(F10),ISNUMBER(G10)),IF(E10=G10,15,0),"") | K10: =IF(AND(ISNUMBER(F10),ISNUMBER(G10)),IF(ABS(D10-E10)=ABS(F10-G10),12,0),"") | L10: =IF(ISNUMBER(H10),H10+I10+J10+K10,"")
A11: R1 | B11: Duaij Alsaleh | C11: Netherlands vs Japan | D11: 4 | E11: 0 | F11: ='📋 Matches'!E11 -> 0 | G11: ='📋 Matches'!F11 -> 0 | H11: =IF(AND(ISNUMBER(F11),ISNUMBER(G11)),IF(SIGN(D11-E11)=SIGN(F11-G11),48,0),"") | I11: =IF(AND(ISNUMBER(F11),ISNUMBER(G11)),IF(D11=F11,15,0),"") | J11: =IF(AND(ISNUMBER(F11),ISNUMBER(G11)),IF(E11=G11,15,0),"") | K11: =IF(AND(ISNUMBER(F11),ISNUMBER(G11)),IF(ABS(D11-E11)=ABS(F11-G11),12,0),"") | L11: =IF(ISNUMBER(H11),H11+I11+J11+K11,"")
A12: R1 | B12: Duaij Alsaleh | C12: Ivory Coast vs Ecuador | D12: 2 | E12: 1 | F12: ='📋 Matches'!E12 -> 0 | G12: ='📋 Matches'!F12 -> 0 | H12: =IF(AND(ISNUMBER(F12),ISNUMBER(G12)),IF(SIGN(D12-E12)=SIGN(F12-G12),48,0),"") | I12: =IF(AND(ISNUMBER(F12),ISNUMBER(G12)),IF(D12=F12,15,0),"") | J12: =IF(AND(ISNUMBER(F12),ISNUMBER(G12)),IF(E12=G12,15,0),"") | K12: =IF(AND(ISNUMBER(F12),ISNUMBER(G12)),IF(ABS(D12-E12)=ABS(F12-G12),12,0),"") | L12: =IF(ISNUMBER(H12),H12+I12+J12+K12,"")
A13: R1 | B13: Duaij Alsaleh | C13: Sweden vs Tunisia | D13: 1 | E13: 1 | F13: ='📋 Matches'!E13 -> 0 | G13: ='📋 Matches'!F13 -> 0 | H13: =IF(AND(ISNUMBER(F13),ISNUMBER(G13)),IF(SIGN(D13-E13)=SIGN(F13-G13),48,0),"") | I13: =IF(AND(ISNUMBER(F13),ISNUMBER(G13)),IF(D13=F13,15,0),"") | J13: =IF(AND(ISNUMBER(F13),ISNUMBER(G13)),IF(E13=G13,15,0),"") | K13: =IF(AND(ISNUMBER(F13),ISNUMBER(G13)),IF(ABS(D13-E13)=ABS(F13-G13),12,0),"") | L13: =IF(ISNUMBER(H13),H13+I13+J13+K13,"")
... A25: R1 | B25: Duaij Alsaleh | C25: Uzbekistan vs Colombia | D25: 1 | E25: 1 | F25: ='📋 Matches'!E25 -> 0 | G25: ='📋 Matches'!F25 -> 0 | H25: =IF(AND(ISNUMBER(F25),ISNUMBER(G25)),IF(SIGN(D25-E25)=SIGN(F25-G25),48,0),"") | I25: =IF(AND(ISNUMBER(F25),ISNUMBER(G25)),IF(D25=F25,15,0),"") | J25: =IF(AND(ISNUMBER(F25),ISNUMBER(G25)),IF(E25=G25,15,0),"") | K25: =IF(AND(ISNUMBER(F25),ISNUMBER(G25)),IF(ABS(D25-E25)=ABS(F25-G25),12,0),"") | L25: =IF(ISNUMBER(H25),H25+I25+J25+K25,"")
A26: R2 | B26: Duaij Alsaleh | C26: Czech Republic vs. South Africa | F26: ='📋 Matches'!E26 -> 0 | G26: ='📋 Matches'!F26 -> 0 | H26: N/A | I26: N/A | J26: N/A | K26: N/A | L26: N/A
A27: R2 | B27: Duaij Alsaleh | C27: Switzerland vs. Bosnia and Herzegovina | F27: ='📋 Matches'!E27 -> 0 | G27: ='📋 Matches'!F27 -> 0 | H27: N/A | I27: N/A | J27: N/A | K27: N/A | L27: N/A
A28: R2 | B28: Duaij Alsaleh | C28: Canada vs. Qatar | F28: ='📋 Matches'!E28 -> 0 | G28: ='📋 Matches'!F28 -> 0 | H28: N/A | I28: N/A | J28: N/A | K28: N/A | L28: N/A
A29: R2 | B29: Duaij Alsaleh | C29: Mexico vs. South Korea | F29: ='📋 Matches'!E29 -> 0 | G29: ='📋 Matches'!F29 -> 0 | H29: N/A | I29: N/A | J29: N/A | K29: N/A | L29: N/A
A30: R2 | B30: Duaij Alsaleh | C30: United States vs. Australia | F30: ='📋 Matches'!E30 -> 0 | G30: ='📋 Matches'!F30 -> 0 | H30: N/A | I30: N/A | J30: N/A | K30: N/A | L30: N/A
A31: R2 | B31: Duaij Alsaleh | C31: Scotland vs. Morocco | F31: ='📋 Matches'!E31 -> 0 | G31: ='📋 Matches'!F31 -> 0 | H31: N/A | I31: N/A | J31: N/A | K31: N/A | L31: N/A
A32: R2 | B32: Duaij Alsaleh | C32: Brazil vs. Haiti | F32: ='📋 Matches'!E32 -> 0 | G32: ='📋 Matches'!F32 -> 0 | H32: N/A | I32: N/A | J32: N/A | K32: N/A | L32: N/A
A33: R2 | B33: Duaij Alsaleh | C33: Turkey vs. Paraguay | F33: ='📋 Matches'!E33 -> 0 | G33: ='📋 Matches'!F33 -> 0 | H33: N/A | I33: N/A | J33: N/A | K33: N/A | L33: N/A
A34: R2 | B34: Duaij Alsaleh | C34: Netherlands vs. Sweden | F34: ='📋 Matches'!E34 -> 0 | G34: ='📋 Matches'!F34 -> 0 | H34: N/A | I34: N/A | J34: N/A | K34: N/A | L34: N/A
A35: R2 | B35: Duaij Alsaleh | C35: Germany vs. Ivory Coast | F35: ='📋 Matches'!E35 -> 0 | G35: ='📋 Matches'!F35 -> 0 | H35: N/A | I35: N/A | J35: N/A | K35: N/A | L35: N/A
A36: R2 | B36: Duaij Alsaleh | C36: Ecuador vs. Curaçao | F36: ='📋 Matches'!E36 -> 0 | G36: ='📋 Matches'!F36 -> 0 | H36: N/A | I36: N/A | J36: N/A | K36: N/A | L36: N/A
A37: R2 | B37: Duaij Alsaleh | C37: Tunisia vs. Japan | F37: ='📋 Matches'!E37 -> 0 | G37: ='📋 Matches'!F37 -> 0 | H37: N/A | I37: N/A | J37: N/A | K37: N/A | L37: N/A
... A73: R3 | B73: Duaij Alsaleh | C73: Jordan vs. Argentina | F73: ='📋 Matches'!E73 -> 0 | G73: ='📋 Matches'!F73 -> 0 | H73: N/A | I73: N/A | J73: N/A | K73: N/A | L73: N/A
A74: R1 | B74: Sulaiman Alsaleh | C74: Mexico vs South Africa | D74: 2 | E74: 2 | F74: ='📋 Matches'!E2 -> 2 | G74: ='📋 Matches'!F2 -> 0 | H74: =IF(AND(ISNUMBER(F74),ISNUMBER(G74)),IF(SIGN(D74-E74)=SIGN(F74-G74),48,0),"") -> 0 | I74: =IF(AND(ISNUMBER(F74),ISNUMBER(G74)),IF(D74=F74,15,0),"") -> 15 | J74: =IF(AND(ISNUMBER(F74),ISNUMBER(G74)),IF(E74=G74,15,0),"") -> 0 | K74: =IF(AND(ISNUMBER(F74),ISNUMBER(G74)),IF(ABS(D74-E74)=ABS(F74-G74),12,0),"") -> 0 | L74: =IF(ISNUMBER(H74),H74+I74+J74+K74,"") -> 15
A75: R1 | B75: Sulaiman Alsaleh | C75: South Korea vs Czechia | D75: 2 | E75: 0 | F75: ='📋 Matches'!E3 -> 2 | G75: ='📋 Matches'!F3 -> 1 | H75: =IF(AND(ISNUMBER(F75),ISNUMBER(G75)),IF(SIGN(D75-E75)=SIGN(F75-G75),48,0),"") -> 48 | I75: =IF(AND(ISNUMBER(F75),ISNUMBER(G75)),IF(D75=F75,15,0),"") -> 15 | J75: =IF(AND(ISNUMBER(F75),ISNUMBER(G75)),IF(E75=G75,15,0),"") -> 0 | K75: =IF(AND(ISNUMBER(F75),ISNUMBER(G75)),IF(ABS(D75-E75)=ABS(F75-G75),12,0),"") -> 0 | L75: =IF(ISNUMBER(H75),H75+I75+J75+K75,"") -> 63
A76: R1 | B76: Sulaiman Alsaleh | C76: Canada vs Bosnia and Herzeg | D76: 1 | E76: 2 | F76: ='📋 Matches'!E4 -> 1 | G76: ='📋 Matches'!F4 -> 1 | H76: =IF(AND(ISNUMBER(F76),ISNUMBER(G76)),IF(SIGN(D76-E76)=SIGN(F76-G76),48,0),"") -> 0 | I76: =IF(AND(ISNUMBER(F76),ISNUMBER(G76)),IF(D76=F76,15,0),"") -> 15 | J76: =IF(AND(ISNUMBER(F76),ISNUMBER(G76)),IF(E76=G76,15,0),"") -> 0 | K76: =IF(AND(ISNUMBER(F76),ISNUMBER(G76)),IF(ABS(D76-E76)=ABS(F76-G76),12,0),"") -> 0 | L76: =IF(ISNUMBER(H76),H76+I76+J76+K76,"") -> 15
A77: R1 | B77: Sulaiman Alsaleh | C77: United States vs Paraguay | D77: 1 | E77: 2 | F77: ='📋 Matches'!E5 -> 4 | G77: ='📋 Matches'!F5 -> 1 | H77: =IF(AND(ISNUMBER(F77),ISNUMBER(G77)),IF(SIGN(D77-E77)=SIGN(F77-G77),48,0),"") -> 0 | I77: =IF(AND(ISNUMBER(F77),ISNUMBER(G77)),IF(D77=F77,15,0),"") -> 0 | J77: =IF(AND(ISNUMBER(F77),ISNUMBER(G77)),IF(E77=G77,15,0),"") -> 0 | K77: =IF(AND(ISNUMBER(F77),ISNUMBER(G77)),IF(ABS(D77-E77)=ABS(F77-G77),12,0),"") -> 0 | L77: =IF(ISNUMBER(H77),H77+I77+J77+K77,"") -> 0
A78: R1 | B78: Sulaiman Alsaleh | C78: Qatar vs Switzerland | D78: 0 | E78: 3 | F78: ='📋 Matches'!E6 -> 0 | G78: ='📋 Matches'!F6 -> 0 | H78: =IF(AND(ISNUMBER(F78),ISNUMBER(G78)),IF(SIGN(D78-E78)=SIGN(F78-G78),48,0),"") | I78: =IF(AND(ISNUMBER(F78),ISNUMBER(G78)),IF(D78=F78,15,0),"") | J78: =IF(AND(ISNUMBER(F78),ISNUMBER(G78)),IF(E78=G78,15,0),"") | K78: =IF(AND(ISNUMBER(F78),ISNUMBER(G78)),IF(ABS(D78-E78)=ABS(F78-G78),12,0),"") | L78: =IF(ISNUMBER(H78),H78+I78+J78+K78,"")
A79: R1 | B79: Sulaiman Alsaleh | C79: Brazil vs Morocco | D79: 2 | E79: 1 | F79: ='📋 Matches'!E7 -> 0 | G79: ='📋 Matches'!F7 -> 0 | H79: =IF(AND(ISNUMBER(F79),ISNUMBER(G79)),IF(SIGN(D79-E79)=SIGN(F79-G79),48,0),"") | I79: =IF(AND(ISNUMBER(F79),ISNUMBER(G79)),IF(D79=F79,15,0),"") | J79: =IF(AND(ISNUMBER(F79),ISNUMBER(G79)),IF(E79=G79,15,0),"") | K79: =IF(AND(ISNUMBER(F79),ISNUMBER(G79)),IF(ABS(D79-E79)=ABS(F79-G79),12,0),"") | L79: =IF(ISNUMBER(H79),H79+I79+J79+K79,"")
A80: R1 | B80: Sulaiman Alsaleh | C80: Haiti vs Scotland | D80: 0 | E80: 2 | F80: ='📋 Matches'!E8 -> 0 | G80: ='📋 Matches'!F8 -> 0 | H80: =IF(AND(ISNUMBER(F80),ISNUMBER(G80)),IF(SIGN(D80-E80)=SIGN(F80-G80),48,0),"") | I80: =IF(AND(ISNUMBER(F80),ISNUMBER(G80)),IF(D80=F80,15,0),"") | J80: =IF(AND(ISNUMBER(F80),ISNUMBER(G80)),IF(E80=G80,15,0),"") | K80: =IF(AND(ISNUMBER(F80),ISNUMBER(G80)),IF(ABS(D80-E80)=ABS(F80-G80),12,0),"") | L80: =IF(ISNUMBER(H80),H80+I80+J80+K80,"")
A81: R1 | B81: Sulaiman Alsaleh | C81: Australia vs Türkiye | D81: 1 | E81: 0 | F81: ='📋 Matches'!E9 -> 0 | G81: ='📋 Matches'!F9 -> 0 | H81: =IF(AND(ISNUMBER(F81),ISNUMBER(G81)),IF(SIGN(D81-E81)=SIGN(F81-G81),48,0),"") | I81: =IF(AND(ISNUMBER(F81),ISNUMBER(G81)),IF(D81=F81,15,0),"") | J81: =IF(AND(ISNUMBER(F81),ISNUMBER(G81)),IF(E81=G81,15,0),"") | K81: =IF(AND(ISNUMBER(F81),ISNUMBER(G81)),IF(ABS(D81-E81)=ABS(F81-G81),12,0),"") | L81: =IF(ISNUMBER(H81),H81+I81+J81+K81,"")
A82: R1 | B82: Sulaiman Alsaleh | C82: Germany vs Curacao | D82: 4 | E82: 0 | F82: ='📋 Matches'!E10 -> 0 | G82: ='📋 Matches'!F10 -> 0 | H82: =IF(AND(ISNUMBER(F82),ISNUMBER(G82)),IF(SIGN(D82-E82)=SIGN(F82-G82),48,0),"") | I82: =IF(AND(ISNUMBER(F82),ISNUMBER(G82)),IF(D82=F82,15,0),"") | J82: =IF(AND(ISNUMBER(F82),ISNUMBER(G82)),IF(E82=G82,15,0),"") | K82: =IF(AND(ISNUMBER(F82),ISNUMBER(G82)),IF(ABS(D82-E82)=ABS(F82-G82),12,0),"") | L82: =IF(ISNUMBER(H82),H82+I82+J82+K82,"")
A83: R1 | B83: Sulaiman Alsaleh | C83: Netherlands vs Japan | D83: 2 | E83: 0 | F83: ='📋 Matches'!E11 -> 0 | G83: ='📋 Matches'!F11 -> 0 | H83: =IF(AND(ISNUMBER(F83),ISNUMBER(G83)),IF(SIGN(D83-E83)=SIGN(F83-G83),48,0),"") | I83: =IF(AND(ISNUMBER(F83),ISNUMBER(G83)),IF(D83=F83,15,0),"") | J83: =IF(AND(ISNUMBER(F83),ISNUMBER(G83)),IF(E83=G83,15,0),"") | K83: =IF(AND(ISNUMBER(F83),ISNUMBER(G83)),IF(ABS(D83-E83)=ABS(F83-G83),12,0),"") | L83: =IF(ISNUMBER(H83),H83+I83+J83+K83,"")
A84: R1 | B84: Sulaiman Alsaleh | C84: Ivory Coast vs Ecuador | D84: 2 | E84: 3 | F84: ='📋 Matches'!E12 -> 0 | G84: ='📋 Matches'!F12 -> 0 | H84: =IF(AND(ISNUMBER(F84),ISNUMBER(G84)),IF(SIGN(D84-E84)=SIGN(F84-G84),48,0),"") | I84: =IF(AND(ISNUMBER(F84),ISNUMBER(G84)),IF(D84=F84,15,0),"") | J84: =IF(AND(ISNUMBER(F84),ISNUMBER(G84)),IF(E84=G84,15,0),"") | K84: =IF(AND(ISNUMBER(F84),ISNUMBER(G84)),IF(ABS(D84-E84)=ABS(F84-G84),12,0),"") | L84: =IF(ISNUMBER(H84),H84+I84+J84+K84,"")
A85: R1 | B85: Sulaiman Alsaleh | C85: Sweden vs Tunisia | D85: 0 | E85: 2 | F85: ='📋 Matches'!E13 -> 0 | G85: ='📋 Matches'!F13 -> 0 | H85: =IF(AND(ISNUMBER(F85),ISNUMBER(G85)),IF(SIGN(D85-E85)=SIGN(F85-G85),48,0),"") | I85: =IF(AND(ISNUMBER(F85),ISNUMBER(G85)),IF(D85=F85,15,0),"") | J85: =IF(AND(ISNUMBER(F85),ISNUMBER(G85)),IF(E85=G85,15,0),"") | K85: =IF(AND(ISNUMBER(F85),ISNUMBER(G85)),IF(ABS(D85-E85)=ABS(F85-G85),12,0),"") | L85: =IF(ISNUMBER(H85),H85+I85+J85+K85,"")
... A97: R1 | B97: Sulaiman Alsaleh | C97: Uzbekistan vs Colombia | D97: 0 | E97: 1 | F97: ='📋 Matches'!E25 -> 0 | G97: ='📋 Matches'!F25 -> 0 | H97: =IF(AND(ISNUMBER(F97),ISNUMBER(G97)),IF(SIGN(D97-E97)=SIGN(F97-G97),48,0),"") | I97: =IF(AND(ISNUMBER(F97),ISNUMBER(G97)),IF(D97=F97,15,0),"") | J97: =IF(AND(ISNUMBER(F97),ISNUMBER(G97)),IF(E97=G97,15,0),"") | K97: =IF(AND(ISNUMBER(F97),ISNUMBER(G97)),IF(ABS(D97-E97)=ABS(F97-G97),12,0),"") | L97: =IF(ISNUMBER(H97),H97+I97+J97+K97,"")
A98: R2 | B98: Sulaiman Alsaleh | C98: Czech Republic vs. South Africa | F98: ='📋 Matches'!E26 -> 0 | G98: ='📋 Matches'!F26 -> 0 | H98: N/A | I98: N/A | J98: N/A | K98: N/A | L98: N/A
A99: R2 | B99: Sulaiman Alsaleh | C99: Switzerland vs. Bosnia and Herzegovina | F99: ='📋 Matches'!E27 -> 0 | G99: ='📋 Matches'!F27 -> 0 | H99: N/A | I99: N/A | J99: N/A | K99: N/A | L99: N/A
A100: R2 | B100: Sulaiman Alsaleh | C100: Canada vs. Qatar | F100: ='📋 Matches'!E28 -> 0 | G100: ='📋 Matches'!F28 -> 0 | H100: N/A | I100: N/A | J100: N/A | K100: N/A | L100: N/A
A101: R2 | B101: Sulaiman Alsaleh | C101: Mexico vs. South Korea | F101: ='📋 Matches'!E29 -> 0 | G101: ='📋 Matches'!F29 -> 0 | H101: N/A | I101: N/A | J101: N/A | K101: N/A | L101: N/A
A102: R2 | B102: Sulaiman Alsaleh | C102: United States vs. Australia | F102: ='📋 Matches'!E30 -> 0 | G102: ='📋 Matches'!F30 -> 0 | H102: N/A | I102: N/A | J102: N/A | K102: N/A | L102: N/A
A103: R2 | B103: Sulaiman Alsaleh | C103: Scotland vs. Morocco | F103: ='📋 Matches'!E31 -> 0 | G103: ='📋 Matches'!F31 -> 0 | H103: N/A | I103: N/A | J103: N/A | K103: N/A | L103: N/A
A104: R2 | B104: Sulaiman Alsaleh | C104: Brazil vs. Haiti | F104: ='📋 Matches'!E32 -> 0 | G104: ='📋 Matches'!F32 -> 0 | H104: N/A | I104: N/A | J104: N/A | K104: N/A | L104: N/A
A105: R2 | B105: Sulaiman Alsaleh | C105: Turkey vs. Paraguay | F105: ='📋 Matches'!E33 -> 0 | G105: ='📋 Matches'!F33 -> 0 | H105: N/A | I105: N/A | J105: N/A | K105: N/A | L105: N/A
A106: R2 | B106: Sulaiman Alsaleh | C106: Netherlands vs. Sweden | F106: ='📋 Matches'!E34 -> 0 | G106: ='📋 Matches'!F34 -> 0 | H106: N/A | I106: N/A | J106: N/A | K106: N/A | L106: N/A
A107: R2 | B107: Sulaiman Alsaleh | C107: Germany vs. Ivory Coast | F107: ='📋 Matches'!E35 -> 0 | G107: ='📋 Matches'!F35 -> 0 | H107: N/A | I107: N/A | J107: N/A | K107: N/A | L107: N/A
A108: R2 | B108: Sulaiman Alsaleh | C108: Ecuador vs. Curaçao | F108: ='📋 Matches'!E36 -> 0 | G108: ='📋 Matches'!F36 -> 0 | H108: N/A | I108: N/A | J108: N/A | K108: N/A | L108: N/A
A109: R2 | B109: Sulaiman Alsaleh | C109: Tunisia vs. Japan | F109: ='📋 Matches'!E37 -> 0 | G109: ='📋 Matches'!F37 -> 0 | H109: N/A | I109: N/A | J109: N/A | K109: N/A | L109: N/A
... A145: R3 | B145: Sulaiman Alsaleh | C145: Jordan vs. Argentina | F145: ='📋 Matches'!E73 -> 0 | G145: ='📋 Matches'!F73 -> 0 | H145: N/A | I145: N/A | J145: N/A | K145: N/A | L145: N/A
A146: R1 | B146: HJS Alsaleh | C146: Mexico vs South Africa | D146: 1 | E146: 1 | F146: ='📋 Matches'!E2 -> 2 | G146: ='📋 Matches'!F2 -> 0 | H146: =IF(AND(ISNUMBER(F146),ISNUMBER(G146)),IF(SIGN(D146-E146)=SIGN(F146-G146),48,0),"") -> 0 | I146: =IF(AND(ISNUMBER(F146),ISNUMBER(G146)),IF(D146=F146,15,0),"") -> 0 | J146: =IF(AND(ISNUMBER(F146),ISNUMBER(G146)),IF(E146=G146,15,0),"") -> 0 | K146: =IF(AND(ISNUMBER(F146),ISNUMBER(G146)),IF(ABS(D146-E146)=ABS(F146-G146),12,0),"") -> 0 | L146: =IF(ISNUMBER(H146),H146+I146+J146+K146,"") -> 0
A147: R1 | B147: HJS Alsaleh | C147: South Korea vs Czechia | D147: 0 | E147: 3 | F147: ='📋 Matches'!E3 -> 2 | G147: ='📋 Matches'!F3 -> 1 | H147: =IF(AND(ISNUMBER(F147),ISNUMBER(G147)),IF(SIGN(D147-E147)=SIGN(F147-G147),48,0),"") -> 0 | I147: =IF(AND(ISNUMBER(F147),ISNUMBER(G147)),IF(D147=F147,15,0),"") -> 0 | J147: =IF(AND(ISNUMBER(F147),ISNUMBER(G147)),IF(E147=G147,15,0),"") -> 0 | K147: =IF(AND(ISNUMBER(F147),ISNUMBER(G147)),IF(ABS(D147-E147)=ABS(F147-G147),12,0),"") -> 0 | L147: =IF(ISNUMBER(H147),H147+I147+J147+K147,"") -> 0
A148: R1 | B148: HJS Alsaleh | C148: Canada vs Bosnia and Herzeg | D148: 1 | E148: 1 | F148: ='📋 Matches'!E4 -> 1 | G148: ='📋 Matches'!F4 -> 1 | H148: =IF(AND(ISNUMBER(F148),ISNUMBER(G148)),IF(SIGN(D148-E148)=SIGN(F148-G148),48,0),"") -> 48 | I148: =IF(AND(ISNUMBER(F148),ISNUMBER(G148)),IF(D148=F148,15,0),"") -> 15 | J148: =IF(AND(ISNUMBER(F148),ISNUMBER(G148)),IF(E148=G148,15,0),"") -> 15 | K148: =IF(AND(ISNUMBER(F148),ISNUMBER(G148)),IF(ABS(D148-E148)=ABS(F148-G148),12,0),"") -> 12 | L148: =IF(ISNUMBER(H148),H148+I148+J148+K148,"") -> 90
A149: R1 | B149: HJS Alsaleh | C149: United States vs Paraguay | D149: 2 | E149: 2 | F149: ='📋 Matches'!E5 -> 4 | G149: ='📋 Matches'!F5 -> 1 | H149: =IF(AND(ISNUMBER(F149),ISNUMBER(G149)),IF(SIGN(D149-E149)=SIGN(F149-G149),48,0),"") -> 0 | I149: =IF(AND(ISNUMBER(F149),ISNUMBER(G149)),IF(D149=F149,15,0),"") -> 0 | J149: =IF(AND(ISNUMBER(F149),ISNUMBER(G149)),IF(E149=G149,15,0),"") -> 0 | K149: =IF(AND(ISNUMBER(F149),ISNUMBER(G149)),IF(ABS(D149-E149)=ABS(F149-G149),12,0),"") -> 0 | L149: =IF(ISNUMBER(H149),H149+I149+J149+K149,"") -> 0
A150: R1 | B150: HJS Alsaleh | C150: Qatar vs Switzerland | D150: 0 | E150: 2 | F150: ='📋 Matches'!E6 -> 0 | G150: ='📋 Matches'!F6 -> 0 | H150: =IF(AND(ISNUMBER(F150),ISNUMBER(G150)),IF(SIGN(D150-E150)=SIGN(F150-G150),48,0),"") | I150: =IF(AND(ISNUMBER(F150),ISNUMBER(G150)),IF(D150=F150,15,0),"") | J150: =IF(AND(ISNUMBER(F150),ISNUMBER(G150)),IF(E150=G150,15,0),"") | K150: =IF(AND(ISNUMBER(F150),ISNUMBER(G150)),IF(ABS(D150-E150)=ABS(F150-G150),12,0),"") | L150: =IF(ISNUMBER(H150),H150+I150+J150+K150,"")
A151: R1 | B151: HJS Alsaleh | C151: Brazil vs Morocco | D151: 1 | E151: 2 | F151: ='📋 Matches'!E7 -> 0 | G151: ='📋 Matches'!F7 -> 0 | H151: =IF(AND(ISNUMBER(F151),ISNUMBER(G151)),IF(SIGN(D151-E151)=SIGN(F151-G151),48,0),"") | I151: =IF(AND(ISNUMBER(F151),ISNUMBER(G151)),IF(D151=F151,15,0),"") | J151: =IF(AND(ISNUMBER(F151),ISNUMBER(G151)),IF(E151=G151,15,0),"") | K151: =IF(AND(ISNUMBER(F151),ISNUMBER(G151)),IF(ABS(D151-E151)=ABS(F151-G151),12,0),"") | L151: =IF(ISNUMBER(H151),H151+I151+J151+K151,"")
A152: R1 | B152: HJS Alsaleh | C152: Haiti vs Scotland | D152: 0 | E152: 4 | F152: ='📋 Matches'!E8 -> 0 | G152: ='📋 Matches'!F8 -> 0 | H152: =IF(AND(ISNUMBER(F152),ISNUMBER(G152)),IF(SIGN(D152-E152)=SIGN(F152-G152),48,0),"") | I152: =IF(AND(ISNUMBER(F152),ISNUMBER(G152)),IF(D152=F152,15,0),"") | J152: =IF(AND(ISNUMBER(F152),ISNUMBER(G152)),IF(E152=G152,15,0),"") | K152: =IF(AND(ISNUMBER(F152),ISNUMBER(G152)),IF(ABS(D152-E152)=ABS(F152-G152),12,0),"") | L152: =IF(ISNUMBER(H152),H152+I152+J152+K152,"")
A153: R1 | B153: HJS Alsaleh | C153: Australia vs Türkiye | D153: 1 | E153: 3 | F153: ='📋 Matches'!E9 -> 0 | G153: ='📋 Matches'!F9 -> 0 | H153: =IF(AND(ISNUMBER(F153),ISNUMBER(G153)),IF(SIGN(D153-E153)=SIGN(F153-G153),48,0),"") | I153: =IF(AND(ISNUMBER(F153),ISNUMBER(G153)),IF(D153=F153,15,0),"") | J153: =IF(AND(ISNUMBER(F153),ISNUMBER(G153)),IF(E153=G153,15,0),"") | K153: =IF(AND(ISNUMBER(F153),ISNUMBER(G153)),IF(ABS(D153-E153)=ABS(F153-G153),12,0),"") | L153: =IF(ISNUMBER(H153),H153+I153+J153+K153,"")
A154: R1 | B154: HJS Alsaleh | C154: Germany vs Curacao | D154: 4 | E154: 0 | F154: ='📋 Matches'!E10 -> 0 | G154: ='📋 Matches'!F10 -> 0 | H154: =IF(AND(ISNUMBER(F154),ISNUMBER(G154)),IF(SIGN(D154-E154)=SIGN(F154-G154),48,0),"") | I154: =IF(AND(ISNUMBER(F154),ISNUMBER(G154)),IF(D154=F154,15,0),"") | J154: =IF(AND(ISNUMBER(F154),ISNUMBER(G154)),IF(E154=G154,15,0),"") | K154: =IF(AND(ISNUMBER(F154),ISNUMBER(G154)),IF(ABS(D154-E154)=ABS(F154-G154),12,0),"") | L154: =IF(ISNUMBER(H154),H154+I154+J154+K154,"")
A155: R1 | B155: HJS Alsaleh | C155: Netherlands vs Japan | D155: 2 | E155: 0 | F155: ='📋 Matches'!E11 -> 0 | G155: ='📋 Matches'!F11 -> 0 | H155: =IF(AND(ISNUMBER(F155),ISNUMBER(G155)),IF(SIGN(D155-E155)=SIGN(F155-G155),48,0),"") | I155: =IF(AND(ISNUMBER(F155),ISNUMBER(G155)),IF(D155=F155,15,0),"") | J155: =IF(AND(ISNUMBER(F155),ISNUMBER(G155)),IF(E155=G155,15,0),"") | K155: =IF(AND(ISNUMBER(F155),ISNUMBER(G155)),IF(ABS(D155-E155)=ABS(F155-G155),12,0),"") | L155: =IF(ISNUMBER(H155),H155+I155+J155+K155,"")
A156: R1 | B156: HJS Alsaleh | C156: Ivory Coast vs Ecuador | D156: 1 | E156: 1 | F156: ='📋 Matches'!E12 -> 0 | G156: ='📋 Matches'!F12 -> 0 | H156: =IF(AND(ISNUMBER(F156),ISNUMBER(G156)),IF(SIGN(D156-E156)=SIGN(F156-G156),48,0),"") | I156: =IF(AND(ISNUMBER(F156),ISNUMBER(G156)),IF(D156=F156,15,0),"") | J156: =IF(AND(ISNUMBER(F156),ISNUMBER(G156)),IF(E156=G156,15,0),"") | K156: =IF(AND(ISNUMBER(F156),ISNUMBER(G156)),IF(ABS(D156-E156)=ABS(F156-G156),12,0),"") | L156: =IF(ISNUMBER(H156),H156+I156+J156+K156,"")
A157: R1 | B157: HJS Alsaleh | C157: Sweden vs Tunisia | D157: 2 | E157: 2 | F157: ='📋 Matches'!E13 -> 0 | G157: ='📋 Matches'!F13 -> 0 | H157: =IF(AND(ISNUMBER(F157),ISNUMBER(G157)),IF(SIGN(D157-E157)=SIGN(F157-G157),48,0),"") | I157: =IF(AND(ISNUMBER(F157),ISNUMBER(G157)),IF(D157=F157,15,0),"") | J157: =IF(AND(ISNUMBER(F157),ISNUMBER(G157)),IF(E157=G157,15,0),"") | K157: =IF(AND(ISNUMBER(F157),ISNUMBER(G157)),IF(ABS(D157-E157)=ABS(F157-G157),12,0),"") | L157: =IF(ISNUMBER(H157),H157+I157+J157+K157,"")
... A169: R1 | B169: HJS Alsaleh | C169: Uzbekistan vs Colombia | D169: 0 | E169: 2 | F169: ='📋 Matches'!E25 -> 0 | G169: ='📋 Matches'!F25 -> 0 | H169: =IF(AND(ISNUMBER(F169),ISNUMBER(G169)),IF(SIGN(D169-E169)=SIGN(F169-G169),48,0),"") | I169: =IF(AND(ISNUMBER(F169),ISNUMBER(G169)),IF(D169=F169,15,0),"") | J169: =IF(AND(ISNUMBER(F169),ISNUMBER(G169)),IF(E169=G169,15,0),"") | K169: =IF(AND(ISNUMBER(F169),ISNUMBER(G169)),IF(ABS(D169-E169)=ABS(F169-G169),12,0),"") | L169: =IF(ISNUMBER(H169),H169+I169+J169+K169,"")
A170: R2 | B170: HJS Alsaleh | C170: Czech Republic vs. South Africa | F170: ='📋 Matches'!E26 -> 0 | G170: ='📋 Matches'!F26 -> 0 | H170: N/A | I170: N/A | J170: N/A | K170: N/A | L170: N/A
A171: R2 | B171: HJS Alsaleh | C171: Switzerland vs. Bosnia and Herzegovina | F171: ='📋 Matches'!E27 -> 0 | G171: ='📋 Matches'!F27 -> 0 | H171: N/A | I171: N/A | J171: N/A | K171: N/A | L171: N/A
A172: R2 | B172: HJS Alsaleh | C172: Canada vs. Qatar | F172: ='📋 Matches'!E28 -> 0 | G172: ='📋 Matches'!F28 -> 0 | H172: N/A | I172: N/A | J172: N/A | K172: N/A | L172: N/A
A173: R2 | B173: HJS Alsaleh | C173: Mexico vs. South Korea | F173: ='📋 Matches'!E29 -> 0 | G173: ='📋 Matches'!F29 -> 0 | H173: N/A | I173: N/A | J173: N/A | K173: N/A | L173: N/A
A174: R2 | B174: HJS Alsaleh | C174: United States vs. Australia | F174: ='📋 Matches'!E30 -> 0 | G174: ='📋 Matches'!F30 -> 0 | H174: N/A | I174: N/A | J174: N/A | K174: N/A | L174: N/A
A175: R2 | B175: HJS Alsaleh | C175: Scotland vs. Morocco | F175: ='📋 Matches'!E31 -> 0 | G175: ='📋 Matches'!F31 -> 0 | H175: N/A | I175: N/A | J175: N/A | K175: N/A | L175: N/A
A176: R2 | B176: HJS Alsaleh | C176: Brazil vs. Haiti | F176: ='📋 Matches'!E32 -> 0 | G176: ='📋 Matches'!F32 -> 0 | H176: N/A | I176: N/A | J176: N/A | K176: N/A | L176: N/A
A177: R2 | B177: HJS Alsaleh | C177: Turkey vs. Paraguay | F177: ='📋 Matches'!E33 -> 0 | G177: ='📋 Matches'!F33 -> 0 | H177: N/A | I177: N/A | J177: N/A | K177: N/A | L177: N/A
A178: R2 | B178: HJS Alsaleh | C178: Netherlands vs. Sweden | F178: ='📋 Matches'!E34 -> 0 | G178: ='📋 Matches'!F34 -> 0 | H178: N/A | I178: N/A | J178: N/A | K178: N/A | L178: N/A
A179: R2 | B179: HJS Alsaleh | C179: Germany vs. Ivory Coast | F179: ='📋 Matches'!E35 -> 0 | G179: ='📋 Matches'!F35 -> 0 | H179: N/A | I179: N/A | J179: N/A | K179: N/A | L179: N/A
A180: R2 | B180: HJS Alsaleh | C180: Ecuador vs. Curaçao | F180: ='📋 Matches'!E36 -> 0 | G180: ='📋 Matches'!F36 -> 0 | H180: N/A | I180: N/A | J180: N/A | K180: N/A | L180: N/A
A181: R2 | B181: HJS Alsaleh | C181: Tunisia vs. Japan | F181: ='📋 Matches'!E37 -> 0 | G181: ='📋 Matches'!F37 -> 0 | H181: N/A | I181: N/A | J181: N/A | K181: N/A | L181: N/A
... A217: R3 | B217: HJS Alsaleh | C217: Jordan vs. Argentina | F217: ='📋 Matches'!E73 -> 0 | G217: ='📋 Matches'!F73 -> 0 | H217: N/A | I217: N/A | J217: N/A | K217: N/A | L217: N/A
A218: R1 | B218: Dana | C218: Mexico vs South Africa | D218: 1 | E218: 0 | F218: ='📋 Matches'!E2 -> 2 | G218: ='📋 Matches'!F2 -> 0 | H218: =IF(AND(ISNUMBER(F218),ISNUMBER(G218)),IF(SIGN(D218-E218)=SIGN(F218-G218),48,0),"") -> 48 | I218: =IF(AND(ISNUMBER(F218),ISNUMBER(G218)),IF(D218=F218,15,0),"") -> 0 | J218: =IF(AND(ISNUMBER(F218),ISNUMBER(G218)),IF(E218=G218,15,0),"") -> 15 | K218: =IF(AND(ISNUMBER(F218),ISNUMBER(G218)),IF(ABS(D218-E218)=ABS(F218-G218),12,0),"") -> 0 | L218: =IF(ISNUMBER(H218),H218+I218+J218+K218,"") -> 63
A219: R1 | B219: Dana | C219: South Korea vs Czechia | D219: 2 | E219: 0 | F219: ='📋 Matches'!E3 -> 2 | G219: ='📋 Matches'!F3 -> 1 | H219: =IF(AND(ISNUMBER(F219),ISNUMBER(G219)),IF(SIGN(D219-E219)=SIGN(F219-G219),48,0),"") -> 48 | I219: =IF(AND(ISNUMBER(F219),ISNUMBER(G219)),IF(D219=F219,15,0),"") -> 15 | J219: =IF(AND(ISNUMBER(F219),ISNUMBER(G219)),IF(E219=G219,15,0),"") -> 0 | K219: =IF(AND(ISNUMBER(F219),ISNUMBER(G219)),IF(ABS(D219-E219)=ABS(F219-G219),12,0),"") -> 0 | L219: =IF(ISNUMBER(H219),H219+I219+J219+K219,"") -> 63
A220: R1 | B220: Dana | C220: Canada vs Bosnia and Herzeg | D220: 1 | E220: 0 | F220: ='📋 Matches'!E4 -> 1 | G220: ='📋 Matches'!F4 -> 1 | H220: =IF(AND(ISNUMBER(F220),ISNUMBER(G220)),IF(SIGN(D220-E220)=SIGN(F220-G220),48,0),"") -> 0 | I220: =IF(AND(ISNUMBER(F220),ISNUMBER(G220)),IF(D220=F220,15,0),"") -> 15 | J220: =IF(AND(ISNUMBER(F220),ISNUMBER(G220)),IF(E220=G220,15,0),"") -> 0 | K220: =IF(AND(ISNUMBER(F220),ISNUMBER(G220)),IF(ABS(D220-E220)=ABS(F220-G220),12,0),"") -> 0 | L220: =IF(ISNUMBER(H220),H220+I220+J220+K220,"") -> 15
A221: R1 | B221: Dana | C221: United States vs Paraguay | D221: 2 | E221: 1 | F221: ='📋 Matches'!E5 -> 4 | G221: ='📋 Matches'!F5 -> 1 | H221: =IF(AND(ISNUMBER(F221),ISNUMBER(G221)),IF(SIGN(D221-E221)=SIGN(F221-G221),48,0),"") -> 48 | I221: =IF(AND(ISNUMBER(F221),ISNUMBER(G221)),IF(D221=F221,15,0),"") -> 0 | J221: =IF(AND(ISNUMBER(F221),ISNUMBER(G221)),IF(E221=G221,15,0),"") -> 15 | K221: =IF(AND(ISNUMBER(F221),ISNUMBER(G221)),IF(ABS(D221-E221)=ABS(F221-G221),12,0),"") -> 0 | L221: =IF(ISNUMBER(H221),H221+I221+J221+K221,"") -> 63
A222: R1 | B222: Dana | C222: Qatar vs Switzerland | D222: 0 | E222: 2 | F222: ='📋 Matches'!E6 -> 0 | G222: ='📋 Matches'!F6 -> 0 | H222: =IF(AND(ISNUMBER(F222),ISNUMBER(G222)),IF(SIGN(D222-E222)=SIGN(F222-G222),48,0),"") | I222: =IF(AND(ISNUMBER(F222),ISNUMBER(G222)),IF(D222=F222,15,0),"") | J222: =IF(AND(ISNUMBER(F222),ISNUMBER(G222)),IF(E222=G222,15,0),"") | K222: =IF(AND(ISNUMBER(F222),ISNUMBER(G222)),IF(ABS(D222-E222)=ABS(F222-G222),12,0),"") | L222: =IF(ISNUMBER(H222),H222+I222+J222+K222,"")
A223: R1 | B223: Dana | C223: Brazil vs Morocco | D223: 2 | E223: 1 | F223: ='📋 Matches'!E7 -> 0 | G223: ='📋 Matches'!F7 -> 0 | H223: =IF(AND(ISNUMBER(F223),ISNUMBER(G223)),IF(SIGN(D223-E223)=SIGN(F223-G223),48,0),"") | I223: =IF(AND(ISNUMBER(F223),ISNUMBER(G223)),IF(D223=F223,15,0),"") | J223: =IF(AND(ISNUMBER(F223),ISNUMBER(G223)),IF(E223=G223,15,0),"") | K223: =IF(AND(ISNUMBER(F223),ISNUMBER(G223)),IF(ABS(D223-E223)=ABS(F223-G223),12,0),"") | L223: =IF(ISNUMBER(H223),H223+I223+J223+K223,"")
A224: R1 | B224: Dana | C224: Haiti vs Scotland | D224: 0 | E224: 1 | F224: ='📋 Matches'!E8 -> 0 | G224: ='📋 Matches'!F8 -> 0 | H224: =IF(AND(ISNUMBER(F224),ISNUMBER(G224)),IF(SIGN(D224-E224)=SIGN(F224-G224),48,0),"") | I224: =IF(AND(ISNUMBER(F224),ISNUMBER(G224)),IF(D224=F224,15,0),"") | J224: =IF(AND(ISNUMBER(F224),ISNUMBER(G224)),IF(E224=G224,15,0),"") | K224: =IF(AND(ISNUMBER(F224),ISNUMBER(G224)),IF(ABS(D224-E224)=ABS(F224-G224),12,0),"") | L224: =IF(ISNUMBER(H224),H224+I224+J224+K224,"")
A225: R1 | B225: Dana | C225: Australia vs Türkiye | D225: 0 | E225: 1 | F225: ='📋 Matches'!E9 -> 0 | G225: ='📋 Matches'!F9 -> 0 | H225: =IF(AND(ISNUMBER(F225),ISNUMBER(G225)),IF(SIGN(D225-E225)=SIGN(F225-G225),48,0),"") | I225: =IF(AND(ISNUMBER(F225),ISNUMBER(G225)),IF(D225=F225,15,0),"") | J225: =IF(AND(ISNUMBER(F225),ISNUMBER(G225)),IF(E225=G225,15,0),"") | K225: =IF(AND(ISNUMBER(F225),ISNUMBER(G225)),IF(ABS(D225-E225)=ABS(F225-G225),12,0),"") | L225: =IF(ISNUMBER(H225),H225+I225+J225+K225,"")
A226: R1 | B226: Dana | C226: Germany vs Curacao | D226: 4 | E226: 0 | F226: ='📋 Matches'!E10 -> 0 | G226: ='📋 Matches'!F10 -> 0 | H226: =IF(AND(ISNUMBER(F226),ISNUMBER(G226)),IF(SIGN(D226-E226)=SIGN(F226-G226),48,0),"") | I226: =IF(AND(ISNUMBER(F226),ISNUMBER(G226)),IF(D226=F226,15,0),"") | J226: =IF(AND(ISNUMBER(F226),ISNUMBER(G226)),IF(E226=G226,15,0),"") | K226: =IF(AND(ISNUMBER(F226),ISNUMBER(G226)),IF(ABS(D226-E226)=ABS(F226-G226),12,0),"") | L226: =IF(ISNUMBER(H226),H226+I226+J226+K226,"")
A227: R1 | B227: Dana | C227: Netherlands vs Japan | D227: 2 | E227: 1 | F227: ='📋 Matches'!E11 -> 0 | G227: ='📋 Matches'!F11 -> 0 | H227: =IF(AND(ISNUMBER(F227),ISNUMBER(G227)),IF(SIGN(D227-E227)=SIGN(F227-G227),48,0),"") | I227: =IF(AND(ISNUMBER(F227),ISNUMBER(G227)),IF(D227=F227,15,0),"") | J227: =IF(AND(ISNUMBER(F227),ISNUMBER(G227)),IF(E227=G227,15,0),"") | K227: =IF(AND(ISNUMBER(F227),ISNUMBER(G227)),IF(ABS(D227-E227)=ABS(F227-G227),12,0),"") | L227: =IF(ISNUMBER(H227),H227+I227+J227+K227,"")
A228: R1 | B228: Dana | C228: Ivory Coast vs Ecuador | D228: 0 | E228: 2 | F228: ='📋 Matches'!E12 -> 0 | G228: ='📋 Matches'!F12 -> 0 | H228: =IF(AND(ISNUMBER(F228),ISNUMBER(G228)),IF(SIGN(D228-E228)=SIGN(F228-G228),48,0),"") | I228: =IF(AND(ISNUMBER(F228),ISNUMBER(G228)),IF(D228=F228,15,0),"") | J228: =IF(AND(ISNUMBER(F228),ISNUMBER(G228)),IF(E228=G228,15,0),"") | K228: =IF(AND(ISNUMBER(F228),ISNUMBER(G228)),IF(ABS(D228-E228)=ABS(F228-G228),12,0),"") | L228: =IF(ISNUMBER(H228),H228+I228+J228+K228,"")
A229: R1 | B229: Dana | C229: Sweden vs Tunisia | D229: 3 | E229: 1 | F229: ='📋 Matches'!E13 -> 0 | G229: ='📋 Matches'!F13 -> 0 | H229: =IF(AND(ISNUMBER(F229),ISNUMBER(G229)),IF(SIGN(D229-E229)=SIGN(F229-G229),48,0),"") | I229: =IF(AND(ISNUMBER(F229),ISNUMBER(G229)),IF(D229=F229,15,0),"") | J229: =IF(AND(ISNUMBER(F229),ISNUMBER(G229)),IF(E229=G229,15,0),"") | K229: =IF(AND(ISNUMBER(F229),ISNUMBER(G229)),IF(ABS(D229-E229)=ABS(F229-G229),12,0),"") | L229: =IF(ISNUMBER(H229),H229+I229+J229+K229,"")
... A241: R1 | B241: Dana | C241: Uzbekistan vs Colombia | D241: 0 | E241: 1 | F241: ='📋 Matches'!E25 -> 0 | G241: ='📋 Matches'!F25 -> 0 | H241: =IF(AND(ISNUMBER(F241),ISNUMBER(G241)),IF(SIGN(D241-E241)=SIGN(F241-G241),48,0),"") | I241: =IF(AND(ISNUMBER(F241),ISNUMBER(G241)),IF(D241=F241,15,0),"") | J241: =IF(AND(ISNUMBER(F241),ISNUMBER(G241)),IF(E241=G241,15,0),"") | K241: =IF(AND(ISNUMBER(F241),ISNUMBER(G241)),IF(ABS(D241-E241)=ABS(F241-G241),12,0),"") | L241: =IF(ISNUMBER(H241),H241+I241+J241+K241,"")
A242: R2 | B242: Dana | C242: Czech Republic vs. South Africa | F242: ='📋 Matches'!E26 -> 0 | G242: ='📋 Matches'!F26 -> 0 | H242: N/A | I242: N/A | J242: N/A | K242: N/A | L242: N/A
A243: R2 | B243: Dana | C243: Switzerland vs. Bosnia and Herzegovina | F243: ='📋 Matches'!E27 -> 0 | G243: ='📋 Matches'!F27 -> 0 | H243: N/A | I243: N/A | J243: N/A | K243: N/A | L243: N/A
A244: R2 | B244: Dana | C244: Canada vs. Qatar | F244: ='📋 Matches'!E28 -> 0 | G244: ='📋 Matches'!F28 -> 0 | H244: N/A | I244: N/A | J244: N/A | K244: N/A | L244: N/A
A245: R2 | B245: Dana | C245: Mexico vs. South Korea | F245: ='📋 Matches'!E29 -> 0 | G245: ='📋 Matches'!F29 -> 0 | H245: N/A | I245: N/A | J245: N/A | K245: N/A | L245: N/A
A246: R2 | B246: Dana | C246: United States vs. Australia | F246: ='📋 Matches'!E30 -> 0 | G246: ='📋 Matches'!F30 -> 0 | H246: N/A | I246: N/A | J246: N/A | K246: N/A | L246: N/A
A247: R2 | B247: Dana | C247: Scotland vs. Morocco | F247: ='📋 Matches'!E31 -> 0 | G247: ='📋 Matches'!F31 -> 0 | H247: N/A | I247: N/A | J247: N/A | K247: N/A | L247: N/A
A248: R2 | B248: Dana | C248: Brazil vs. Haiti | F248: ='📋 Matches'!E32 -> 0 | G248: ='📋 Matches'!F32 -> 0 | H248: N/A | I248: N/A | J248: N/A | K248: N/A | L248: N/A
A249: R2 | B249: Dana | C249: Turkey vs. Paraguay | F249: ='📋 Matches'!E33 -> 0 | G249: ='📋 Matches'!F33 -> 0 | H249: N/A | I249: N/A | J249: N/A | K249: N/A | L249: N/A
...

Sheet 🏆 Leaderboard
A1: Rank | B1: Participant | C1: Total Points | D1: Win Pts | E1: Home Goal Pts | F1: Away Goal Pts | G1: Diff Pts | H1: Matches Scored
A2: 1 | B2: Duaij Alsaleh | C2: =IFERROR(SUMIF('📊 Predictions'!B:B,B2,'📊 Predictions'!L:L),0) -> 87 | D2: =IFERROR(SUMIF('📊 Predictions'!B:B,B2,'📊 Predictions'!H:H),0) -> 48 | E2: =IFERROR(SUMIF('📊 Predictions'!B:B,B2,'📊 Predictions'!I:I),0) -> 0 | F2: =IFERROR(SUMIF('📊 Predictions'!B:B,B2,'📊 Predictions'!J:J),0) -> 15 | G2: =IFERROR(SUMIF('📊 Predictions'!B:B,B2,'📊 Predictions'!K:K),0) -> 24 | H2: =IFERROR(COUNTIF('📊 Predictions'!B:B,B2),0) -> 72
A3: 2 | B3: Sulaiman Alsaleh | C3: =IFERROR(SUMIF('📊 Predictions'!B:B,B3,'📊 Predictions'!L:L),0) -> 93 | D3: =IFERROR(SUMIF('📊 Predictions'!B:B,B3,'📊 Predictions'!H:H),0) -> 48 | E3: =IFERROR(SUMIF('📊 Predictions'!B:B,B3,'📊 Predictions'!I:I),0) -> 45 | F3: =IFERROR(SUMIF('📊 Predictions'!B:B,B3,'📊 Predictions'!J:J),0) -> 0 | G3: =IFERROR(SUMIF('📊 Predictions'!B:B,B3,'📊 Predictions'!K:K),0) -> 0 | H3: =IFERROR(COUNTIF('📊 Predictions'!B:B,B3),0) -> 72
A4: 3 | B4: HJS Alsaleh | C4: =IFERROR(SUMIF('📊 Predictions'!B:B,B4,'📊 Predictions'!L:L),0) -> 90 | D4: =IFERROR(SUMIF('📊 Predictions'!B:B,B4,'📊 Predictions'!H:H),0) -> 48 | E4: =IFERROR(SUMIF('📊 Predictions'!B:B,B4,'📊 Predictions'!I:I),0) -> 15 | F4: =IFERROR(SUMIF('📊 Predictions'!B:B,B4,'📊 Predictions'!J:J),0) -> 15 | G4: =IFERROR(SUMIF('📊 Predictions'!B:B,B4,'📊 Predictions'!K:K),0) -> 12 | H4: =IFERROR(COUNTIF('📊 Predictions'!B:B,B4),0) -> 72
A5: 4 | B5: Dana | C5: =IFERROR(SUMIF('📊 Predictions'!B:B,B5,'📊 Predictions'!L:L),0) -> 204 | D5: =IFERROR(SUMIF('📊 Predictions'!B:B,B5,'📊 Predictions'!H:H),0) -> 144 | E5: =IFERROR(SUMIF('📊 Predictions'!B:B,B5,'📊 Predictions'!I:I),0) -> 30 | F5: =IFERROR(SUMIF('📊 Predictions'!B:B,B5,'📊 Predictions'!J:J),0) -> 30 | G5: =IFERROR(SUMIF('📊 Predictions'!B:B,B5,'📊 Predictions'!K:K),0) -> 0 | H5: =IFERROR(COUNTIF('📊 Predictions'!B:B,B5),0) -> 72
A6: 5 | B6: عبدالعزيز بوشهري | C6: =IFERROR(SUMIF('📊 Predictions'!B:B,B6,'📊 Predictions'!L:L),0) -> 183 | D6: =IFERROR(SUMIF('📊 Predictions'!B:B,B6,'📊 Predictions'!H:H),0) -> 96 | E6: =IFERROR(SUMIF('📊 Predictions'!B:B,B6,'📊 Predictions'!I:I),0) -> 15 | F6: =IFERROR(SUMIF('📊 Predictions'!B:B,B6,'📊 Predictions'!J:J),0) -> 60 | G6: =IFERROR(SUMIF('📊 Predictions'!B:B,B6,'📊 Predictions'!K:K),0) -> 12 | H6: =IFERROR(COUNTIF('📊 Predictions'!B:B,B6),0) -> 72
A7: 6 | B7: Mohammad Alsaleh | C7: =IFERROR(SUMIF('📊 Predictions'!B:B,B7,'📊 Predictions'!L:L),0) -> 153 | D7: =IFERROR(SUMIF('📊 Predictions'!B:B,B7,'📊 Predictions'!H:H),0) -> 96 | E7: =IFERROR(SUMIF('📊 Predictions'!B:B,B7,'📊 Predictions'!I:I),0) -> 30 | F7: =IFERROR(SUMIF('📊 Predictions'!B:B,B7,'📊 Predictions'!J:J),0) -> 15 | G7: =IFERROR(SUMIF('📊 Predictions'!B:B,B7,'📊 Predictions'!K:K),0) -> 12 | H7: =IFERROR(COUNTIF('📊 Predictions'!B:B,B7),0) -> 72
A8: 7 | B8: Dalal Abuhaimed | C8: =IFERROR(SUMIF('📊 Predictions'!B:B,B8,'📊 Predictions'!L:L),0) -> 105 | D8: =IFERROR(SUMIF('📊 Predictions'!B:B,B8,'📊 Predictions'!H:H),0) -> 48 | E8: =IFERROR(SUMIF('📊 Predictions'!B:B,B8,'📊 Predictions'!I:I),0) -> 15 | F8: =IFERROR(SUMIF('📊 Predictions'!B:B,B8,'📊 Predictions'!J:J),0) -> 30 | G8: =IFERROR(SUMIF('📊 Predictions'!B:B,B8,'📊 Predictions'!K:K),0) -> 12 | H8: =IFERROR(COUNTIF('📊 Predictions'!B:B,B8),0) -> 72
A9: 8 | B9: منيرة (حمد الصالح ) | C9: =IFERROR(SUMIF('📊 Predictions'!B:B,B9,'📊 Predictions'!L:L),0) -> 243 | D9: =IFERROR(SUMIF('📊 Predictions'!B:B,B9,'📊 Predictions'!H:H),0) -> 144 | E9: =IFERROR(SUMIF('📊 Predictions'!B:B,B9,'📊 Predictions'!I:I),0) -> 30 | F9: =IFERROR(SUMIF('📊 Predictions'!B:B,B9,'📊 Predictions'!J:J),0) -> 45 | G9: =IFERROR(SUMIF('📊 Predictions'!B:B,B9,'📊 Predictions'!K:K),0) -> 24 | H9: =IFERROR(COUNTIF('📊 Predictions'!B:B,B9),0) -> 72
A10: 9 | B10: فهد الصالح | C10: =IFERROR(SUMIF('📊 Predictions'!B:B,B10,'📊 Predictions'!L:L),0) -> 135 | D10: =IFERROR(SUMIF('📊 Predictions'!B:B,B10,'📊 Predictions'!H:H),0) -> 96 | E10: =IFERROR(SUMIF('📊 Predictions'!B:B,B10,'📊 Predictions'!I:I),0) -> 15 | F10: =IFERROR(SUMIF('📊 Predictions'!B:B,B10,'📊 Predictions'!J:J),0) -> 0 | G10: =IFERROR(SUMIF('📊 Predictions'!B:B,B10,'📊 Predictions'!K:K),0) -> 24 | H10: =IFERROR(COUNTIF('📊 Predictions'!B:B,B10),0) -> 72
A11: 10 | B11: Saud Alsaleh | C11: =IFERROR(SUMIF('📊 Predictions'!B:B,B11,'📊 Predictions'!L:L),0) -> 183 | D11: =IFERROR(SUMIF('📊 Predictions'!B:B,B11,'📊 Predictions'!H:H),0) -> 96 | E11: =IFERROR(SUMIF('📊 Predictions'!B:B,B11,'📊 Predictions'!I:I),0) -> 15 | F11: =IFERROR(SUMIF('📊 Predictions'!B:B,B11,'📊 Predictions'!J:J),0) -> 60 | G11: =IFERROR(SUMIF('📊 Predictions'!B:B,B11,'📊 Predictions'!K:K),0) -> 12 | H11: =IFERROR(COUNTIF('📊 Predictions'!B:B,B11),0) -> 72
A12: 11 | B12: Fai Khalid | C12: =IFERROR(SUMIF('📊 Predictions'!B:B,B12,'📊 Predictions'!L:L),0) -> 93 | D12: =IFERROR(SUMIF('📊 Predictions'!B:B,B12,'📊 Predictions'!H:H),0) -> 48 | E12: =IFERROR(SUMIF('📊 Predictions'!B:B,B12,'📊 Predictions'!I:I),0) -> 15 | F12: =IFERROR(SUMIF('📊 Predictions'!B:B,B12,'📊 Predictions'!J:J),0) -> 30 | G12: =IFERROR(SUMIF('📊 Predictions'!B:B,B12,'📊 Predictions'!K:K),0) -> 0 | H12: =IFERROR(COUNTIF('📊 Predictions'!B:B,B12),0) -> 72
A13: 12 | B13: bader R. | C13: =IFERROR(SUMIF('📊 Predictions'!B:B,B13,'📊 Predictions'!L:L),0) -> 183 | D13: =IFERROR(SUMIF('📊 Predictions'!B:B,B13,'📊 Predictions'!H:H),0) -> 96 | E13: =IFERROR(SUMIF('📊 Predictions'!B:B,B13,'📊 Predictions'!I:I),0) -> 30 | F13: =IFERROR(SUMIF('📊 Predictions'!B:B,B13,'📊 Predictions'!J:J),0) -> 45 | G13: =IFERROR(SUMIF('📊 Predictions'!B:B,B13,'📊 Predictions'!K:K),0) -> 12 | H13: =IFERROR(COUNTIF('📊 Predictions'!B:B,B13),0) -> 72
... A63: 62 | B63: خليفة بولند | C63: =IFERROR(SUMIF('📊 Predictions'!B:B,B63,'📊 Predictions'!L:L),0) -> 135 | D63: =IFERROR(SUMIF('📊 Predictions'!B:B,B63,'📊 Predictions'!H:H),0) -> 96 | E63: =IFERROR(SUMIF('📊 Predictions'!B:B,B63,'📊 Predictions'!I:I),0) -> 0 | F63: =IFERROR(SUMIF('📊 Predictions'!B:B,B63,'📊 Predictions'!J:J),0) -> 15 | G63: =IFERROR(SUMIF('📊 Predictions'!B:B,B63,'📊 Predictions'!K:K),0) -> 24 | H63: =IFERROR(COUNTIF('📊 Predictions'!B:B,B63),0) -> 72
A65: ⚠️ Re-sort by Column C (Total Points) descending after each score update
